<ConfigurationScript>
    <Start>
        <!-- Memperbarui "FREE FIRE" dengan skrip easy headshot -->
        <mconfig>script aimheadshot.xml</mconfig>
        <script>aimlock.enemy~target HEAD</script>
        <configuration>dpi.screen</configuration>

        <!-- Versi x.xx -->
        <configurationAimbotFF>1.5</configurationAimbotFF>
        <mconfigAimheadshotFF>2</mconfigAimheadshotFF>
        <mconfigSensitivityWeapon>3</mconfigSensitivityWeapon>
        <mconfigAimlockEnemy>4</mconfigAimlockEnemy>
        <mconfigSensitivity9000>5</mconfigSensitivity9000>
        <mconfigAimfov90>6</mconfigAimfov90>
        <mconfigAimbotFF>1.5</mconfigAimbotFF>

        <featureActivitedFreefire>true</featureActivitedFreefire>
        <configurationAimbotOn>true</configurationAimbotOn>
        <configurationAimfov90On>true</configurationAimfov90On>
        <configurationAimlockOn>true</configurationAimlockOn>
        <configurationAimrednumbersOn>true</configurationAimrednumbersOn>
        <configurationDpi9000On>true</configurationDpi9000On>
        <configurationAnticheatOn>true</configurationAnticheatOn>
        <systemWebConfigurationScripting>true</systemWebConfigurationScripting>

        <systemConfigurationProcessing>100%</systemConfigurationProcessing>
        <configurationFileHeadshot>100</configurationFileHeadshot>
        <fileConfig>200</fileConfig>
        <fileScript>300</fileScript>
        <headshotNocheat>400</headshotNocheat>
        <scriptAimlock>500</scriptAimlock>
        <scriptNobanned>600</scriptNobanned>
        <configurationAimbot>1.5</configurationAimbot>
        <scriptEasyheadshot>2</scriptEasyheadshot>
        <scriptRedDamageNumbers>3</scriptRedDamageNumbers>
        <configurationAimfov>4</configurationAimfov>
        <configurationDpiscreen9000>on</configurationDpiscreen9000>
        <configuration60fps>60</configuration60fps>
        <configuration60hz>60</configuration60hz>
        <dpiSensivity>1.2</dpiSensivity>
        <screenDpi9000>on</screenDpi9000>
        <sensivitydevice>systemOS</sensivitydevice>

        <feature>
            <featureName>OPTIMALISASI</featureName>
            <featureTarget>screen</featureTarget>
            <featureDescription>Menambahkan entri ke file Web.config yang diperlukan oleh aplikasi .NET 3.5 AJAX.NET apa pun.</featureDescription>
            <featureBlock>
                <featureBlockName>OPTIMALISASI</featureBlockName>
                <featureBlockConfig>sections</featureBlockConfig>
            </featureBlock>
        </feature>

        <type>System.Web.Configuration.ScriptingGameServiceWorkAllMode</type>
    </Start>

    <completion>
        <!-- Di sini Anda dapat menangani hasil eksekusi skrip -->
    </completion>
</ConfigurationScript>