<?xml version="1.0" encoding="UTF-8"?>

<feature name="FreeFire" activated="true">
  <aimbot>
    <enabled>true</enabled>
    <fov>90</fov>
    <lock>true</lock>
    <red-numbers>true</red-numbers>
    <anticheat>true</anticheat>
    <scripting>true</scripting>
  </aimbot>
</feature>

<system.configuration>
  <processing enabled="true"/>
  <files>
    <headshot enabled="true"/>
    <config enabled="true"/>
    <script enabled="true"/>
  </files>
  <headshot>
    <nocheat enabled="true"/>
  </headshot>
  <script>
    <aimlock enabled="true"/>
    <nobanned enabled="true"/>
    <easyheadshot enabled="true"/>
    <red-damage-numbers enabled="true"/>
  </script>
  <aimfov enabled="true"/>
  <dpiscreen value="9000"/>
  <fps value="60"/>
  <hz value="60"/>
  <dpi>
    <sensivity value="9000"/>
  </dpi>
  <screen>
    <dpi>
      <value>9000</value>
    </dpi>
    <sensivity>
      <device>systemOS</device>
    </sensivity>
  </screen>
</system.configuration>

<feature name="OPTIMALISASI" target="screen">
  <description>
    AJAX
  </description>
  <blocks>
    <block name="OPTIMALISASI config sections"/>
  </blocks>
  <type>
    System.Web.Configuration.ScriptingGameServiceWorkAllMode
  </type>
</feature>
