<?xml version="1.0" encoding="UTF-8"?>

<configurationData>

  <gameConfig>
    <directoryPath>emulated/storage/Android/data/com.dts.freefireth/files/contentcache/Compulsory/android/gameassetbundles/config</directoryPath>
    <mainPath>main.path.2019116797</mainPath>
    <versionInfo>1.102.14</versionInfo>
  </gameConfig>

  <deviceSettings>
    <screenSettings>
      <touchSensitivity>
        <value>9000</value>
        <description>Fast</description>
      </touchSensitivity>
      <scrollSpeed>
        <value>9000</value>
        <description>Fast</description>
      </scrollSpeed>
      <tapResponse>
        <value>9000</value>
        <description>Fast</description>
      </tapResponse>
    </screenSettings>
  </deviceSettings>

  <additionalInfo>
    <gameAssetBundlesDir>emulated/storage/Android/data/com.dts.freefireth/files/contentcache/Compulsory/android/gameassetbundles/config</gameAssetBundlesDir>
    <mainPath>main.path.2019116797</mainPath>
    <versionInfo>1.102.14</versionInfo>
  </additionalInfo>

  <code>
    #include <iostream>
    #include <vector>
    #include <cmath>
    #include <string>

    using namespace std;

    struct Pointer {
      double x;
      double y;
    };

    bool insideGame = true;

    void Configuration(Pointer& point) {
      point.x = 9000.0;
      point.y = 9000.0;
    }

    void MultiplierSensitivity(Pointer& point) {
      if (insideGame) {
        double sensitivity = 9000.0;
        point.x = point.x * M_PI / sensitivity;
        point.y = point.y * M_PI / sensitivity;
      } else {
        point.x = 0.0;
        point.y = 0.0;
      }
    }

    double Value(const Pointer& point) {
      return point.x + point.y;
    }

    int main() {
      Pointer myPointer;
      Configuration(myPointer);

      // Incorporates the reference to the directory and version
      string gameAssetBundlesDir = "emulated/storage/Android/data/com.dts.freefireth/files/contentcache/Compulsory/android/gameassetbundles/config";
      string mainPath = "main.path.2019116797";
      string versionInfo = "1.102.14";

      cout << "config: " << gameAssetBundlesDir << endl;
      cout << "Main Path: " << mainPath << endl;
      cout << "Version Info: " << versionInfo << endl;

      insideGame = true;
      MultiplierSensitivity(myPointer);
      cout << "9000: " << Value(myPointer) << endl;

      insideGame = false;
      MultiplierSensitivity(myPointer);
      cout << "100: " << Value(myPointer) << endl;

      return 0;
    }
  </code>

</configurationData>
